[
    {
        "features": [
            "parental level of education_bachelor's degree"
        ],
        "mse": 249.2979642214044,
        "sample_comparison": {
            "actual": [
                91,
                53,
                80,
                74,
                84
            ],
            "predicted": [
                65.94886363636364,
                65.94886363636364,
                70.51041666666667,
                65.94886363636364,
                65.94886363636364
            ]
        }
    },
    {
        "features": [
            "race/ethnicity_group B"
        ],
        "mse": 248.59242737863553,
        "sample_comparison": {
            "actual": [
                91,
                53,
                80,
                74,
                84
            ],
            "predicted": [
                67.22565687789799,
                63.41176470588234,
                67.22565687789799,
                67.22565687789799,
                67.22565687789799
            ]
        }
    },
    {
        "features": [
            "parental level of education_some college"
        ],
        "mse": 247.3528782827986,
        "sample_comparison": {
            "actual": [
                91,
                53,
                80,
                74,
                84
            ],
            "predicted": [
                66.16990291262137,
                67.60439560439562,
                66.16990291262137,
                67.60439560439562,
                67.60439560439562
            ]
        }
    },
    {
        "features": [
            "test preparation course_none"
        ],
        "mse": 247.20198621727184,
        "sample_comparison": {
            "actual": [
                91,
                53,
                80,
                74,
                84
            ],
            "predicted": [
                64.32245681381958,
                70.55555555555557,
                64.32245681381958,
                64.32245681381958,
                70.55555555555557
            ]
        }
    },
    {
        "features": [
            "test preparation course_completed"
        ],
        "mse": 247.20198621727184,
        "sample_comparison": {
            "actual": [
                91,
                53,
                80,
                74,
                84
            ],
            "predicted": [
                64.32245681381958,
                70.55555555555557,
                64.32245681381958,
                64.32245681381958,
                70.55555555555557
            ]
        }
    },
    {
        "features": [
            "race/ethnicity_group C"
        ],
        "mse": 247.0843303634914,
        "sample_comparison": {
            "actual": [
                91,
                53,
                80,
                74,
                84
            ],
            "predicted": [
                64.77692307692308,
                67.32407407407408,
                67.32407407407408,
                64.77692307692308,
                67.32407407407408
            ]
        }
    },
    {
        "features": [
            "race/ethnicity_group D"
        ],
        "mse": 246.02160885181902,
        "sample_comparison": {
            "actual": [
                91,
                53,
                80,
                74,
                84
            ],
            "predicted": [
                66.18896321070234,
                66.18896321070234,
                67.4059405940594,
                66.18896321070234,
                66.18896321070234
            ]
        }
    },
    {
        "features": [
            "parental level of education_associate's degree"
        ],
        "mse": 245.49145460437515,
        "sample_comparison": {
            "actual": [
                91,
                53,
                80,
                74,
                84
            ],
            "predicted": [
                67.95530726256985,
                66.07568438003221,
                66.07568438003221,
                66.07568438003221,
                66.07568438003221
            ]
        }
    },
    {
        "features": [
            "parental level of education_master's degree"
        ],
        "mse": 245.3980985324132,
        "sample_comparison": {
            "actual": [
                91,
                53,
                80,
                74,
                84
            ],
            "predicted": [
                66.41035856573706,
                66.41035856573706,
                66.41035856573706,
                66.41035856573706,
                66.41035856573706
            ]
        }
    },
    {
        "features": [
            "parental level of education_some high school"
        ],
        "mse": 244.44333824247778,
        "sample_comparison": {
            "actual": [
                91,
                53,
                80,
                74,
                84
            ],
            "predicted": [
                66.96380090497738,
                66.96380090497738,
                66.96380090497738,
                66.96380090497738,
                66.96380090497738
            ]
        }
    },
    {
        "features": [
            "parental level of education_high school"
        ],
        "mse": 242.80067130678813,
        "sample_comparison": {
            "actual": [
                91,
                53,
                80,
                74,
                84
            ],
            "predicted": [
                67.4368174726989,
                67.4368174726989,
                67.4368174726989,
                67.4368174726989,
                67.4368174726989
            ]
        }
    },
    {
        "features": [
            "race/ethnicity_group A"
        ],
        "mse": 241.98942853130393,
        "sample_comparison": {
            "actual": [
                91,
                53,
                80,
                74,
                84
            ],
            "predicted": [
                66.7373461012312,
                66.7373461012312,
                66.7373461012312,
                66.7373461012312,
                66.7373461012312
            ]
        }
    },
    {
        "features": [
            "race/ethnicity_group E"
        ],
        "mse": 240.5443173527869,
        "sample_comparison": {
            "actual": [
                91,
                53,
                80,
                74,
                84
            ],
            "predicted": [
                65.16374269005848,
                65.16374269005848,
                65.16374269005848,
                65.16374269005848,
                74.35344827586205
            ]
        }
    },
    {
        "features": [
            "gender_male"
        ],
        "mse": 236.58560678266412,
        "sample_comparison": {
            "actual": [
                91,
                53,
                80,
                74,
                84
            ],
            "predicted": [
                64.32066508313538,
                64.32066508313538,
                68.91292875989447,
                68.91292875989447,
                68.91292875989447
            ]
        }
    },
    {
        "features": [
            "gender_female"
        ],
        "mse": 236.58560678266412,
        "sample_comparison": {
            "actual": [
                91,
                53,
                80,
                74,
                84
            ],
            "predicted": [
                64.32066508313538,
                64.32066508313538,
                68.91292875989447,
                68.91292875989447,
                68.91292875989447
            ]
        }
    },
    {
        "features": [
            "lunch_free/reduced"
        ],
        "mse": 226.72737312051999,
        "sample_comparison": {
            "actual": [
                91,
                53,
                80,
                74,
                84
            ],
            "predicted": [
                70.49521988527725,
                58.94584837545128,
                70.49521988527725,
                58.94584837545128,
                70.49521988527725
            ]
        }
    },
    {
        "features": [
            "lunch_standard"
        ],
        "mse": 226.72737312051993,
        "sample_comparison": {
            "actual": [
                91,
                53,
                80,
                74,
                84
            ],
            "predicted": [
                70.49521988527724,
                58.94584837545127,
                70.49521988527724,
                58.94584837545127,
                70.49521988527724
            ]
        }
    },
    {
        "features": [
            "writing score"
        ],
        "mse": 87.4548424387226,
        "sample_comparison": {
            "actual": [
                91,
                53,
                80,
                74,
                84
            ],
            "predicted": [
                78.91822983693072,
                70.12744394509394,
                69.32828159129059,
                70.12744394509394,
                74.12325571411066
            ]
        }
    },
    {
        "features": [
            "reading score"
        ],
        "mse": 77.75953982761706,
        "sample_comparison": {
            "actual": [
                91,
                53,
                80,
                74,
                84
            ],
            "predicted": [
                80.41742183014463,
                63.486838880744045,
                69.41254291303426,
                72.79865950291438,
                77.87783438773454
            ]
        }
    }
]